0,松　佐　記　茂,1996/08/29,3132-232-3213,321-312-31232,321-3213,,,ｊｌ；ｊｋｌｆ；じゃ
ｊｆｌｋ；あｄｓ
1,realmadHECTIC,2001/09/26,,,,,,ふぁｄｊｋｌｆ；ｓ
ｇだｒｓｇ
ｄｆｇ
2,HECTIC,1982/04/08,413-423-432423,,,,,jkfl;ajf;aみみみみいみみみみいっみみみみ
3,エミネム,1988/12/05,321-321-3214,342-432-324234,888,,,暴言！！
4,ｈ,,,,,,,
5,あああああ,1933/12/21,32-32-423,,,,,
6,ｆｄｓふぁ,,,,,,,
8,ニトロマイクロフォンアンダーグラウンド,1987/05/11,03-7778-4433,090-2224-113,708,,,ＨＩＰＨＯＰ
9,ｆｓだｆｗさｆ,,,,,,,
10,ｊｋｌ；ｆｄｊさｌ；ｋ,,,,,,,
11,吉　田　聡,1977/08/04,093-11-1111,0092-444-3333,,福岡県福岡市,博多駅前,元気
12,クリップクライマ‐ズ,1902/02/28,153-85-840,,,,ふぇわえわふぁだｆｋｊｋｌｊｋｌｊｋｌ,
21,今　宿　麻　美,1976/11/04,654-541-2222,090-0000-0022,770-0044,ｊｆかｌ；ｄｊｆｌじゃｌｋｆｊｋｌだｓｊｌｋｆ,,ｊｋｆぁｄｓｊｋｌｆｊｋｌｄさｊｆｋｌｓだ；ｆｊｋｌｄ；
22,ｆだｓ,,,,,,,
23,jijfkla;jdkl;f,,,,,,,
25,ヒロ,,,,,,,
32,ｆｋｆｊか；ｊふぁ,2000/02/29,,,,,,	
34,SUPREME,1918/08/08,765-42-42,432-543-543,342-3434,,3214fasdf,あｗｒふぁｓふぁｓ
35,aaaaaaaaaaaa,2002/08/16,452-80-8098,8089-89080-8080,809-5432,,,jflaj;fjd;afj;safj;a
53,あいうえおかきくけこ,,,473-4423-423,,,,
54,水　島　健　一,,,,,,,
55,フタタ,,,,,,,
57,fadsfsa,,,,,jfadsjkl;fja;sjk;,jlf;jdsalk;fjaskdl;fjsl;dafjld,jf;ladjsf;klsjkf;jjklf;dsjakf;[

77,fadsfsdaf,1920/01/01,,55-543-543,543-5345,gsfdgfds,afsdfas,fsdafds
123,１４５,2002/02/28,,,,,,
222,faaf,,321-890-80,80980-8090-809,809-0809,809jlkjlk,jlkjlk,jlkjljkljlk
312,宇　多　田　ヒカル,1920/07/31,096-354-7701,090-7322-1175,860-0874,熊本県熊本市花園5丁目,22-36TBハイツB-202,宗城大学出身
432,ｆｓだｊｆｌｓ；,,,,,,,
500,hi,,,,,,,
555,ああああああああ,1923/03/07,3214-432-6799,79798-79879-7987,798-7987,ｆｋｌｊｆｋぁｊｓ；ｆｄ,ｊ；ｊｋぁ；ｄｓ,ｊｌ；ｊｆｋ；ｄさｆ
976,あｆｄｓｆｓだｆｓだｆ,,,,,,,ｆｊぁｊｌ；ｆｊ；さｆｊ；あｊｆｓｊゃｓ；ｆｊ；ｌｆｊｌｄ
987,あああああああ,1921/12/01,,,,,,
988,駒　田,1926/01/01,,4321-432-4232,423-4322,fasdfsadf,fsda,24gresgva
999,えｒげｒｇ,,,,,,,
1001,宮　川　敬　亮,,,,,,,
1003,久　野　宏,,53-543-43,,413-4353,,,
1004,佐  藤   勝  秀,,,,,,,
1005,木　村　拓　哉,1970/11/13,32-421-432,222-222-222,,,,芸能人
1008,宮  井   伸 一郎,,,,,,,
1009,竹  内   紀  子,,,,,,,
1010,植  松   由  珠,,,,,,,
1011,麻  生   英  輝,,,,,,,
1012,武  津   昭  彦,,,,,,,
1013,関  山   孝  博,,,,,,,
1014,高  嶋    明,,,,,,,
1017,山  口   勝  清,,,,,,,
1019,伊　藤　　晃,,,,,,,
1020,下　山  　英　信,,,,,,,
1021,上 木 原　達 哉,,,,,,,
1022,喜  多   美恵子,,,,,,,
1023,松　元  　健　悟,,,,,,,
1024,有　吉　　直　樹,,,,,,,
1025,杉　岡　　義　浩,,,,,,,
1026,石 井  克 己,,,,,,,
1027,吉  田  美  佳,,,,,,,
1028,島  井  彩 和 子,,,,,,,
1029,白  石    大,,,,,,,
1030,川  橋  拓 也,,,,,,,
1031,神  崎  千  帆,,,,,,,
1034,尾崎  ミチ子,,,,,,,
1035,本  村    文,,,,,,,
1036,尾下  典子,,,,,,,
1056,結城　順,1974/07/31,092-552-2606,１２４-１２３-１２３４,,１２４−１２３−１２３４,,
1146,田  中  義  明,,,,,,,
1234,前田,,,,,,,
1400,１２３４５６７８９０１２３４５６７８９０,2002/03/06,9999-9999-9999,サンプル,811-1111,imText1,,imText1
2001,徳  広   直  樹,,,,,,,
2015,福  田   幹  子,,,,,,,
2018,吉　武　　　泉,,,,,,,
3000,ｇｆｄｓｇｄｆｓｇ,,,,,,,
3001,中 牟 田  直 恵,,,,,,,
3002,中　村　 祥　子,,,,,,,
3003,岩  永 　裕  子,,,,,,,
3004,中　村　　聡　子,1925/04/08,54-532-5432,,,,,
3005,秦　　尚　子,,,,,,,
3006,河　内　　和　彦,,,,,,,
3007,川  口   恭  司,,,,,,,
3008,松  村   日  吉,,,,,,,
3009,井  上  博  美,,,,,,,
3010,山　崎　健　郎,2002/12/31,,,,,,	
3011,高  山  菜 穂 美,,,,,,,
3013,谷　  美　恵,,,,,,,
3015,川  野  洋  子,,,,,,,
3016,松  尾  敦  子,,,,,,,
3017,川尻  渉,,,,,,,
3018,根  津  陽  子,,,,,,,
3054,進,,,,,,,
4324,ふぁｄｓｆｓだ,,,,,,,ｆｓｄｆさｄｆｆさ
4444,ああ,,,,,,,
5454,ｆさｄｆさｄｆｓ,,,,,,,
5543,ふふふっふふｆっふ,,423-423-423,,,ｆｄさふぁｓｆさｄ,,
5555,廣　田　耕　一　郎,1977/11/08,093-601-3100,090-4779-1333,807-0874,北九州市,八幡西区,インターン生
7004,金澤　香織,1977/01/26,090-7388-5074,092-944-1415,811-3114,古賀市舞の里5-15-8,,ﾌﾟﾛｸﾞﾗﾑＣ
7777,afdsas,1920/01/01,4321-432-80,80-80-809,809-809,,jlkjl;,;sdjfkld;sajfl;sdjfkl;asd
8989,ああああああ,2000/02/29,,,,ｆかｓｊｆｋｌ；さｊｋｆ；ｊｓｋｄ；ｆｊさ；ｊｋｆ；ｌ,ｊｌｋ；ｓｊｄ；ｆｊ,ｊｌｆ；ｊｆｋｌ；あｊｌ；ふぁ
ｊｆｄ；ｌｓｆじゃ；
ｊ；さｊｋｆｌ；あ
9999,小石原　賢治,1922/03/31,465-4564-646,465-46-46,462-6422,,ｊ,ｊｋｌｊｆｋｌｓｄじゃｌｆｊｓｄ；ｆｊ；ぁ
30000000,ああああああ,,,,,,,
